address;shares;value_before;value_after;loss_previewdiff;loss_analytic
0x102b555161062ffddabdab1e4fe8d1e36482e383;3998625338675177475617386882;4035151278743442431240;1725734418262003229378;2309416860481439201862;2309416860481439201861
0xe5072b3a0db4bc62fd5fb951e9b4c7effca780fd;333480512577211860034971;336526731761219036;143924161338112095;192602570423106941;192602570423106941
0xd443437880957010d574025c80f113c002595f8c;179294763181506637455752;180932553476881310;77380378912663085;103552174564218225;103552174564218224
0x279be517145a7b0990e55ba3e0a380c6d7a04ad9;150334280606698074853815;151707527775052509;64881558114067622;86825969660984887;86825969660984887
0xe83d579ccfd323aeafc2b03405dfedff43960fa8;111916345407153210892749;112938659172202102;48301071712613443;64637587459588659;64637587459588658
0x0a9dafaed64f012ce737c5b807c653293397b117;111026742122858069811031;112040929696154907;47917135015304439;64123794680850468;64123794680850467
0x5f37550493dcb36c659598bf0ececadad8a714f7;108478269020595560745916;109469177249639138;46817260089776534;62651917159862604;62651917159862603
0x0f27001a4c0b885b08abb61f9c470aee9c933a2a;30930264887614180210000;31212801235957049;13348943239628822;17863857996328227;17863857996328227
0xaba35edf7ba2756930cb8b03fdc7294933875922;25011184642512033046475;25239652416787525;10794375197299600;14445277219487925;14445277219487924
0x4159f5df51fab9b89335990fffaf1eb66008a4b1;19874715879081320192090;20056263941124471;8577568124217598;11478695816906873;11478695816906873
0xd0c7a59e3ce5a289b553ebf7659f5c3316ecfbb9;17492120723940723460982;17651904674452375;7549283122309237;10102621552143138;10102621552143138
0xc76dffdddcc823b4cfbd61cfdf507db6b5b5fcf1;15067005093447684634271;15204636523861680;6502647051825673;8701989472036007;8701989472036006
0xbe5b1afae3d69e0b193e18ba75ea27e45af9d681;14823867477003707157486;14959277936645403;6397713251448523;8561564685196880;8561564685196880
0x4d6e078e9c953f0eb1c3db41a0ae019ffa9bd857;14584262750663653967082;14717484511156740;6294304182580801;8423180328575939;8423180328575938
0xe15cd9d5aab921453dbe895d9249225405f3f1d2;14012579768989465944110;14140579420242980;6047576141254313;8093003278988667;8093003278988667
0x65bd15774f34c3a7e09df262c447c5fb1c91a8d9;12296993507796013089220;12409321923149479;5307160121327853;7102161801821626;7102161801821626
0x410073594c00d2a764fc17a423c36d94bada8477;9922702288957739944088;10013342446117797;4282458948228200;5730883497889597;5730883497889596
0xa3283feb23e1fc3912f5c65a1e9a5449bc2e1b94;7858268322179258605233;7930050650721037;3391486564234064;4538564086486973;4538564086486973
0x4cb75146e98562c9d79b31649c6c739e4dcb7cd5;7707985502140462212375;7778395053586839;3326627215570918;4451767838015921;4451767838015921
0xb4903033c1179191df4658670fe0fe6302fef2e0;6993108092630473294048;7056987507541335;3018099047528519;4038888460012816;4038888460012816
0x6c3233082f18fb73fea0779808d09167af10cf02;5099967469015313406951;5146553755637773;2201053774198382;2945499981439391;2945499981439391
0xdf16b92dedf10aa5d961c52e4b06766ba1649786;4993269068979198894467;5038880705807040;2155004673389948;2883876032417092;2883876032417091
0xa87e7535e6aa294c69b4ddb85ad5d0d743ab0afd;4976311254260431649965;5021767987822363;2147685987081522;2874082000740841;2874082000740841
0x7776421dd146dfd6ea947cbf29b69c519807d259;4963703815507249709444;5009045384853155;2142244844403797;2866800540449358;2866800540449357
0xafad92a267e871a90a3bb0bb0e46dcba65f34357;4946435131774724382671;4991618958183083;2134791992648205;2856826965534878;2856826965534877
0x9d5765595a92c560c8759d2a9c375c66123765a5;4550122817163258854797;4591686479483773;1963750761280256;2627935718203517;2627935718203517
0x2bef3ae8fb4c192b105ff7c14d3dc962547be80c;4294657334520474955610;4333887415642904;1853496476686383;2480390938956521;2480390938956521
0x360e68faccca8ca495c1b759fd9eee466db9fb32;4165632918752888345377;4203684410315528;1797811871046375;2405872539269153;2405872539269153
0x4a57583c38e84a27c4a397d49dc7cdc8cfffec92;3978580893045129381993;4014923734633848;1717083597845250;2297840136788598;2297840136788597
0x42125778903390bb64db3ca0be70a8fae77da872;3370482362506455271478;3401270452499113;1454639263865005;1946631188634108;1946631188634107
0x61fa67d3b9e978588cad4fdf5572bfbfb0d02c12;3019620021309428679826;3047203115644499;1303213419483119;1743989696161380;1743989696161379
0x919eb87df4271688297c808ce68cce0317c50c7d;2993059016975652377924;3020399486515880;1291750170121129;1728649316394751;1728649316394750
0xa6f64a650f10ad4f731bea9e69c864aa482a1ca4;2969252035862595725763;2996375037575335;1281475507400333;1714899530175002;1714899530175001
0xb4e876a98c1655aef3e2a368bd7b22b24a9792cb;2927818193289135002872;2954562712417872;1263593409890903;1690969302526969;1690969302526969
0xffec90fad1f7fbca154a5248d329dd9764e03fd4;2704733416040498008098;2729440139548547;1167314052441565;1562126087106982;1562126087106981
0x22df8f85ad9850151582f89e37237bf0517f87dd;2696858572200664199979;2721493361969046;1163915412183525;1557577949785521;1557577949785520
0x5a61dd9a663a868144660f5fb7dc8db68f0500fb;2659218163624911335814;2683509122403556;1147670492218570;1535838630184986;1535838630184986
0x6b145300d4e4912f4cc6866268d7e169b0ad8e2a;2584562922377726642078;2608171933577737;1115450639541248;1492721294036489;1492721294036488
0x18c449e8be17bd57e4d20dbc936ca1cd2554e56d;2518901526814126049830;2541910745836570;1087112368090999;1454798377745571;1454798377745571
0x72a262df73723b4e779157423103e8f2bbca149a;2496492379153258553227;2519296899031593;1077440985021365;1441855914010228;1441855914010228
0xeab804590011d0650fcb6c4da1870c6e9ca062d1;2480698566662984196136;2503358815998417;1070624661034613;1432734154963804;1432734154963804
0x5367109b8ab57a5b5fc4d3021a769bc2688ce573;2448964220085022822735;2471334588087989;1056928690671762;1414405897416227;1414405897416227
0xcfd13532d19a03565db223977ddd9feb421c4ee7;2410394950638322779247;2432413002856496;1040282891144706;1392130111711790;1392130111711790
0xeeecdf9946583e1624244df5fc399121dfb4604e;2282193121857234961289;2303040098538671;984953299179244;1318086799359427;1318086799359427
0x62a4a8f9f5f3aae9ee9cee780285a0d501c12d09;2190741978794038000000;2210753583644462;945484638875638;1265268944768824;1265268944768823
0x5eb839f70636d02fec2dbcc4fd1a104fb5f4e383;2103459707753538866474;2122674021852511;907815188381792;1214858833470719;1214858833470718
0x7e59ae9104968c4800040124be5f2189cd1b900a;2070352815546518536776;2089264710624408;893526852135148;1195737858489260;1195737858489260
0x5f0895edc43ce1e76f52c9f5f8baf8f2c01cb1a1;1987241538696219866620;2005394243487420;857657527340196;1147736716147224;1147736716147223
0xb7696dca94a198b4e3a10fb37c37101f02d42613;1984557564834117911980;2002685752532535;856499172735991;1146186579796544;1146186579796543
0xd8e256e94669ebc7f5b26197be4c0b153f33f2c4;1983356073393325453326;2001473285918867;855980630747931;1145492655170936;1145492655170935
0x9dc552a659d48c4479e2231e56a9f93161483ee8;1979054304182567014985;1997132221662668;854124064914013;1143008156748655;1143008156748655
0x555cce49bbbcd0143e14a44cc7cc6fbc6c761679;1965099422016704233740;1983049866891478;848101390015344;1134948476876134;1134948476876133
0xff7f1d257e57608d7c10f4da7652f43a5a93d389;1856903973741469353129;1873866093848444;801406190247085;1072459903601359;1072459903601359
0xff2420a08b4cba07a79953bbdf131788cb36f859;1795053512058493322532;1811450651437022;774712648974456;1036738002462566;1036738002462566
0xd9a0a16e5a634bf5a02962b667f17c65bae14086;1791910003821526464131;1808278428433419;773355967640460;1034922460792959;1034922460792958
0x18f6ce899abb6c1e2e1a06d890e8b3d462074072;1786258550553912290713;1802575351263621;770916902564072;1031658448699549;1031658448699548
0x8f32fcf79be6efe7a8353447e2756806e2ca87e2;1741830377399945452545;1757741343440858;751742506100685;1005998837340173;1005998837340172
0x431b5ddb0ace97ebc3d936403ea25831bad832b6;1688919769639837876072;1704347417158925;728907244187142;975440172971783;975440172971783
0x14fe3f2889cd05977ad4e2508e44cb0f3d7f56bb;1598783026136876369513;1613387308371076;690005854975055;923381453396021;923381453396020
0x350dedcc07acc2b3a430037435451b8d17fe3248;1489840690105874795432;1503449825033254;642988311951919;860461513081335;860461513081335
0xea9493c12b1edbacd8eb06fc502cc56354979ada;1478004831010512002346;1491505849812134;637880169107674;853625680704460;853625680704459
0x2d5afce86989a860ace230db8c06f0af49df4d99;1474186403224216930299;1487652542122706;636232204695825;851420337426881;851420337426881
0x421b0d8cce6f38fc8c4344a29e643da6cb85e4ef;1319553943092847498109;1331607572567976;569495629991468;762111942576508;762111942576508
0x8659e896bd1d7a32e2efc9ddc097f66a330d8f6d;1313737138087177711200;1325737633234123;566985202093782;758752431140341;758752431140341
0x28261747a227106b94f901a5b7d0992eecfaa378;1223716290590146097773;1234894479118672;528133831502954;706760647615718;706760647615717
0xdd24aa358280b0f2532342166191225f67a0f2b2;1168028467719271487089;1178697968909417;504099973747682;674597995161735;674597995161734
0x880fbd553bc80c8489801ece89472f7cb76997a1;1090268455588648001560;1100227648284692;470540158077943;629687490206749;629687490206748
0x8b773f2e3aa7f9d64cb93a95a0b42829d6bad7e3;1080361835582409017887;1090230535026903;466264639952238;623965895074665;623965895074664
0xee83ae872f88554a00fc9fae7052823cb4c07f80;1066259004829874464954;1075998880214290;460178113117834;615820767096456;615820767096455
0x9d915ceb820b5243d4a609f149799b540ecd5c67;1045530351121383815186;1055080878042534;451232000861959;603848877180575;603848877180575
0xf801a1c2f1be24a0278dd3a8c0b3ff3d965d9d21;1044172310152423056368;1053710431879577;450645894927282;603064536952295;603064536952295
0x382fbd06b103f8adf2ca3d402efbe18f214313d0;1041768885132702719850;1051285052475339;449608620132335;601676432343004;601676432343003
0xa2e82aa014ba758214768278f9c72cbedcfc6e53;1036597483361416606216;1046066411891919;447376736604501;598689675287418;598689675287417
0x16b4c671bc4f70e75beb0c6280309e42161dc8a7;1022535713883780159657;1031876193433523;441307931074133;590568262359390;590568262359389
0x88dd10a5bcecba71f2493cb261b181f57943040d;1005116170721576961749;1014297529289565;433789971115580;580507558173985;580507558173984
0x1f367e135c820b3ed88c16edb30ef2d508ad1191;1002854304123086678915;1012015001389547;432813790376470;579201211013077;579201211013076
0xf473de0df183cb762dd4817489d9357b0beb15fc;998507109305619618025;1007628096580790;430937619671795;576690476908995;576690476908995
0xc60a0aa6d6901716905738c592fcd50b12a86710;997181576711042707688;1006290455744003;430365543763891;575924911980112;575924911980112
0xca63a21562dae4472bb15351aee25522e0a14d75;995955361141741187133;1005053039156201;429836331288873;575216707867328;575216707867328
0x8c0f33dacfa40e225c7ada0de2e3ee4d07d0751d;995292279895700451361;1004383900912117;429550157408732;574833743503385;574833743503384
0xabfc07de04d41297569b054ebcbd2795b6156c8b;995251477011836352133;1004342725309240;429532547621597;574810177687643;574810177687642
0x486a6b458c2ca7402e3cbeafe073044f53dd7e6d;995248115084915398483;1004339332672379;429531096674707;574808235997672;574808235997672
0xc1eccb200494a359aafc05873b51d295f1525078;995239585568519623244;1004330725242056;429527415489607;574803309752449;574803309752448
0x994cf01f34c51426bcb12bd30ff7079e280e1140;995237494341290696299;1004328614912252;429526512953736;574802101958516;574802101958516
0x37431c16b36e278c0bbf8c0eadf31208b2a38430;995217523661125102576;1004308461807427;429517893969160;574790567838267;574790567838267
0xbbd9111ff9d0ad76d2d1681adc6b88c392a794f4;995017532832033105355;1004106644137254;429431581542296;574675062594958;574675062594957
0x64931189b070fc7c8c80839c8a2d9a10b83082ab;995002655429525479280;1004091630835264;429425160724293;574666470110971;574666470110970
0x85b3f50e9d3e902123fa6d3469511029be7c51f2;994967472934471424466;1004056126961337;429409976595376;574646150365961;574646150365961
0xc7bdd6ab5e7cc8ec6d095921ef6a23a11c3f6db6;993584862759571315518;1002660887161976;428813267035521;573847620126455;573847620126455
0x9830d6b37fe7488707cc4ad7f8b481d75eb2a8c2;992278456423358919979;1001342547294737;428249445675007;573093101619730;573093101619730
0x35226e78809a5dae4562b0b1fc4cf96cdb6a01a8;992277674221636664318;1001341757947896;428249108090882;573092649857014;573092649857013
0x134e00aa558c6552f88144845e9ad6b45f4e7dd2;992276547815933451916;1001340621252900;428248621954542;573091999298358;573091999298358
0xe9a830ab84558da8fbb7995306bdeda3f1f6d1de;992276443552904674210;1001340516037468;428248576956503;573091939080965;573091939080964
0x5732fd69ededa743ac78d2f3a1d1ea30ff67d82d;992275989621866630054;1001340057959940;428248381048072;573091676911868;573091676911868
0xa54d6fd8143af647f49d57f98db806376040868a;992271895673148792938;1001335926614539;428246614173806;573089312440733;573089312440732
0x51d2bf026fde1ce087c178d9ce3f91fdebf054e6;992270984203768143247;1001335006819228;428246220800097;573088786019131;573088786019130
0xd152926beefd40caef59040a2144980e481a59e3;992266719159456453087;1001330702815339;428244380084066;573086322731273;573086322731273
0x288a4e70eba5d4f92e28f8ccc561e9fc947304a1;992264114065423480095;1001328073924751;428243255772570;573084818152181;573084818152180
0xf3489ee15313a4c5c78b3ca46f2939e366619a0e;991742494795843189829;1000801689859131;428018134324447;572783555534684;572783555534683
0x35205135f0883e6a59af9cb64310c53003433122;991627518753125068073;1000685663553462;427968512742681;572717150810781;572717150810780
0xb991175200a225f124c7bb820751411144d03552;991572108838755990807;1000629747490345;427944598825212;572685148665133;572685148665132
0xc4130e106837730560b534d64d488a502096fded;985678870066774116256;994682676196443;425401183495579;569281492700864;569281492700863
0xde79fa44e6a37f437b2dc74e81e3958abe9f000f;980754672000053962240;989713497430548;423275988618258;566437508812290;566437508812290
0xb300aa30dd33e1ae849cb69fa23d6ddaf90a69bc;949175965304416140730;957846331114290;409647189615319;548199141498971;548199141498970
0xb0131f9775be0d4ed66cc475b3c515a7e1f5d26a;945376887082685580395;954012549740429;408007576125779;546004973614650;546004973614650
0xcd088e347ac400327ed62494fa274d5e69359fea;851026711977586292391;858800521235866;367287745994891;491512775240975;491512775240974
0x74a13587e4549b5f717f1db32960247e5ec538c7;844458699720981612146;852172512655091;364453110626291;487719402028800;487719402028800
0xd00226b73bab097e97c6df416dc031df7c4b5af1;821900503806878430794;829408256097087;354717401024710;474690855072377;474690855072377
0xe2c2bbac29a8991c21d50cfb76d56ef455d85157;796812852185279913558;804091438204090;343890024061430;460201414142660;460201414142660
0x0c74d9e478ec897af92e57911cd985978a3597d4;796530503739726572058;803806510611573;343768167575972;460038343035601;460038343035601
0xb459834334602829bb1d18610339df29e3a0a7cf;795934683742040643572;803205248022075;343511022434828;459694225587247;459694225587247
0x1caadd7bbad2eedb593bb808db4af1a678af560b;794673902861713168576;801932950382118;342966892196362;458966058185756;458966058185756
0x0bba9956e4daf62b142228c631af56a59946291a;785237171699845913507;792410018226743;338894169602323;453515848624420;453515848624420
0x9ca53d2679f8a5f1f863b0a620d3d100b21e063a;745747898246529517749;752560025097706;321851312975719;430708712121987;430708712121987
0x87941a73f2ea8e05dfa2854561e307a786c5e8e3;737691304045084023874;744429836935329;318374232546870;426055604388459;426055604388458
0x6d3a6fda22aa10822326efdd4501c0efd8958148;725874889595883759060;732505483979908;313274481660435;419231002319473;419231002319473
0x3d124f86a603b9ec52e797e3c50a83ecae6fbc54;676958012467664081730;683141769558624;292162841698179;390978927860445;390978927860444
0x6f58f37e1a6cdc2cdf1ba85c706923b9d5f8efb0;668763548331645307052;674872452071622;288626259097663;386246192973959;386246192973959
0x5f40516e04001d25622d1f8d959dad0a12b4601a;658729082344183620757;664746325007608;284295564957367;380450760050241;380450760050241
0x21d90e6f18f3848d9e45f34bdb4dfdde3fa09d1a;649784411283077662539;655719947737133;280435206608490;375284741128643;375284741128642
0xe5c74069f2c2938e5584fd8f57b1ada5846f4769;598907095596735309864;604377886888092;258477476800828;345900410087264;345900410087264
0xcad821825487226c7bab24c386912568c89c2f46;596544824489238266353;601994037321602;257457963290511;344536074031091;344536074031091
0x43258f6452d0e839b8aa8e3296b763192e3f308b;595323420681618970463;600761476449118;256930827484859;343830648964259;343830648964258
0x230d2f7d07d6d7f0326b49c6364e1174aa515015;592397575096874495076;597808904364282;255668085417160;342140818947122;342140818947122
0x34f9c0b11e67d72ad65c41ff90a6989846f28c22;578718715242002673925;584005093264184;249764536758621;334240556505563;334240556505563
0x9a254e8c6c910108fbff99923c37b95efe034270;578522958689127856161;583807548548750;249680051768835;334127496779915;334127496779915
0xd4bc689aca0a4a0a80f6c144f0030378c2652621;570667708214774057856;575880543312761;246289867653173;329590675659588;329590675659588
0x04d1c2bc25288a8f062687404250a423af15937c;570088872912460290032;575296420567446;246040052799541;329256367767905;329256367767904
0x1548600f1f56db8d97c14c423ca267f4162a4eda;569856535829754545655;575061961172785;245939780314298;329122180858487;329122180858486
0x97a1ca841b4792068932d4224681f6f6fa22c549;524826946456747857389;529621043419790;226505823481786;303115219938004;303115219938004
0x1e8cd608e37fbfede9721ff1b94bd5e5b149c911;520638200274940516231;525394034615447;224698036344194;300695998271253;300695998271253
0x42a9cf494df977bbb90a1a45233df6d3794a4894;513962678724304519235;518657534683634;221817001907594;296840532776040;296840532776040
0x2515659c48369592d0a47d32135aa87782051ba4;506893264834331785394;511523544353962;218765970657213;292757573696749;292757573696749
0xd923de646d3f0bb9eb7f9169f259c79c3ede2188;497715504650397284646;502261948779101;214805015256170;287456933522931;287456933522930
0xa31e8272f5ebc398bd01368e1bc91076068dfe2f;497617574860232733541;502163124437098;214762750528884;287400373908214;287400373908214
0x22192c574f1a68ac85a532620f55d2d7aa9ddfac;497614248167007352944;502159767355780;214761314788220;287398452567560;287398452567560
0xce355a1bb38240450c09333ee60902bca1521f2d;497596790364957164673;502142150083268;214753780316417;287388369766851;287388369766850
0xa92f4a523d8ae3c37e4716b89d05bf57862cf998;497303906372160499061;501846590705242;214627376879206;287219213826036;287219213826035
0xadad7ec70ac6b2599360efc99089b575e4bc376d;497231590376345636453;501773614129976;214596166602574;287177447527402;287177447527402
0xa2608e76d835d0b3db2bbcbd4bd1f78d47208353;496137955427767596883;500669989237054;214124173526973;286545815710081;286545815710080
0xf88c303d383ac9053841531fb64720cf92a8d8d6;496137179831530023466;500669206556036;214123838793657;286545367762379;286545367762379
0x0057be07beef5d9b4beb9e2d147906e83d1915c8;496076978528494568104;500608455336717;214097856999447;286510598337270;286510598337270
0xee172e131977ff8928958769c284fc87b85eb4af;492012928670796570813;496507281910551;212343886541368;284163395369183;284163395369183
0xda286b33234235ed92160f71b98c98e5a6b01493;491513713552462807287;496003506649681;212128434319952;283875072329729;283875072329728
0x10495e143d79296d5222497b7245294dc9e2d596;490052158575935053773;494528600917592;211497653610697;283030947306895;283030947306894
0x4afc6fafbe1cd2b4c074107b86d2fb95c4c76abf;469241647946752148047;473527994092929;202516213387471;271011780705458;271011780705458
0x7eb9563ca3b5b4e8f138a8a4fa983bc65293211b;466549397837095081421;470811151290077;201354286904420;269456864385657;269456864385657
0x65ee472fa8a76555a1cb72510e3d1da5f1662214;456447521333390522187;460616997940082;196994499603805;263622498336277;263622498336277
0x3cf282cd2df98d8589598fde938eecd1dac9671f;453738266831738642680;457882995416504;195825234332535;262057761083969;262057761083968
0x31738dac34244088ce78284db1074e03db6f1743;452950247245332814372;457087777567258;195485139323039;261602638244219;261602638244218
0x624310638b9901933fab5f5b0deb2b33e13c87cc;443230105864902806165;447278846347459;191290102001504;255988744345955;255988744345955
0x70d628288d3b2244b9c2fe12b8c987162380c642;442144951960365014935;446183779969728;190821769191210;255362010778518;255362010778517
0x81f61bac5da8b0e445b3ed7164ac89bb72b9d7f8;439470526081690784481;443484924215512;189667535324066;253817388891446;253817388891445
0x830bc5551e429ddbc4e9ac78436f8bf13eca8434;437618467579668674043;441615947854946;188868220351828;252747727503118;252747727503118
0x1e5773301a43304d645341bce9af9d0cf6a0d1f0;432709626833301469306;436662266692756;186749653416377;249912613276379;249912613276378
0x952d3cfdeddb345a3dae3cd137368dedd9ea1dec;427663619700927638120;431570166181160;184571887948103;246998278233057;246998278233057
0x5a9b86708b7aa08e4a73f792f156d8a96e163136;427654591998817096085;431561056014383;184567991755054;246993064259329;246993064259328
0x1565f3be9881c204f470796ad29d7eeae8ab7086;427642792288523244511;431549148518169;184562899213379;246986249304790;246986249304789
0xe991c733b74ac6eabc06ed50a7ffb2be5b221874;420404607758157809639;424244845891717;181439029605250;242805816286467;242805816286466
0xf5b1ae5b41bec4ac1b6485df24f972db899f600b;419828920918086457292;423663900368664;181190573571012;242473326797652;242473326797651
0x155a53d0c1b8b4aa0ae77116f968bca8c8e7230d;407848002587380338223;411573540850588;176019825782839;235553715067749;235553715067748
0x800417f1244bffb037f177f9fc8fe1ca822425ba;399816490140810649203;403468663555493;172553570186025;230915093369468;230915093369468
0x8f791c0592db171d84167d10baa70fd6dd26705c;398098355677714472709;401734834579630;171812054408218;229922780171412;229922780171411
0xae605a4e79d7df7f8215ad703847b85a42f42bbe;398060812080324194212;401696948035584;171795851270211;229901096765373;229901096765373
0x880e9659a0bcdcf76380f52b3b4beefd988f8946;397943707103341986143;401578773348637;171745310878898;229833462469739;229833462469738
0x4fd556e95f3901e11a63f8d49d35a12db577ed4b;397942941424180240924;401578000675283;171744980425612;229833020249671;229833020249670
0xf24c2aacdd817b9dc752880b0fc52f78619bf9b8;397899440851112895447;401534102740826;171726206364579;229807896376247;229807896376246
0x33e921d9ee1821e174a4f9d786dc067fee0b6275;397864906745100737833;401499253178730;171711302068652;229787951110078;229787951110078
0x9451b29befbe06f89ac4b64e0b57a208b53cca7d;393429492912450141749;397023323507233;169797057631644;227226265875589;227226265875589
0x12b581d51c95ad0bb8824e31ce588df0429a5c0c;391577613288427560731;395154527658651;168997819859917;226156707798734;226156707798733
0xdbe31c0185ccd7b90c0c850d18de699924848e7d;389319454698128831841;392875741638086;168023239430117;224852502207969;224852502207968
0xc8e487f2d8626cb3909a5da2914259e4c7aaa7f0;384853012092768932362;388368499757699;166095603535674;222272896222025;222272896222025
0x1155cc370ee5a0246ad60d6a2dda5350ef38d775;381191923565282460436;384673968562092;164515543903910;220158424658182;220158424658181
0x5050e029fc142add49023ada888d2fc9d4a8701e;377262397202074276846;380708547451994;162819631354448;217888916097546;217888916097545
0xa2ac5662c353ea53dcb43c491076ba500a0dd5e6;367332832596980300473;370688280005060;158534210754617;212154069250443;212154069250443
0x29fa5247183ff403c2ba19a435f401c5707f2d3c;363805397696165826951;367128623311788;157011833612243;210116789699545;210116789699544
0x5f684067496855ab417c83d3e673ac4f958afa12;363158356565308104374;366475671703312;156732582355880;209743089347432;209743089347431
0xdc49838921c8690e1ebfb4f17568caf7b1ad566c;358044110006041237749;361314708423298;154525365984433;206789342438865;206789342438864
0x9300583051ce99b0e7dc9bafe76b3c508750e944;349322618677823486742;352513549548716;150761327974144;201752221574572;201752221574572
0x278a2d5b5c8696882d1d2002ce107efc74704ecf;348525429246812152629;351709078091780;150417275425468;201291802666312;201291802666312
0x61d8e97f68feae22ca735e681c0dbd0ed17fa2e8;348457264997472514280;351640291187634;150387856967569;201252434220065;201252434220065
0x8b961a604d1d06264431d2807d40db880d47905d;348357568490050973045;351539683990076;150344829757049;201194854233027;201194854233027
0x286438884aadabd18058eda12efe3fdff840eff3;348159848906684480881;351340158312605;150259497558786;201080660753819;201080660753818
0xdc02781bd75fa9102e00440a7e6176985430074d;348122378369328834516;351302345495969;150243325952169;201059019543800;201059019543800
0xbcae65851d4d372a066bb9f377bd8efece6dffd6;347132604820386862873;350303530737544;149816157579285;200487373158259;200487373158259
0xe7132cf69bfcc561514da2dd9a5f7af60f0e5a62;338385443550282432673;341476467435802;146041040886079;195435426549723;195435426549722
0x8e5dd554117dd930c8de99dda5f0b41d318cd312;338384549879793799541;341475565601969;146040655194050;195434910407919;195434910407919
0xbc9694f255256c005056f0e21c7083881a293ecd;338379865068005899793;341470837996186;146038633313964;195432204682222;195432204682222
0xd773cb3589bc24df725bd129e0ccf4f6b13b6d4f;338350942785247909829;341441651519242;146026150979516;195415500539726;195415500539726
0x188697f39e2ec9e6e3c5fd5cbb36b8c01c81a53f;338218584416204051089;341308084106228;145969027499905;195339056606323;195339056606322
0x929cd0b5b03df44200a2f77291b886ae40cb9c63;333901465614898305945;336951530046740;144105837060161;192845692986579;192845692986579
0x22d2c9e7c66178e33898febf14ab4b33135d0abc;329430145493194065330;332439366095730;142176096117827;190263269977903;190263269977902
0x52b1ff9d3f19eacb32181b0e4c5bfc7c10d2ad6b;328458587366361164123;331458933150451;141756789191869;189702143958582;189702143958581
0xb1a9182427fa79e81e9de68bc27c885dc24d12ca;328457631725357071869;331457968780025;141756376754486;189701592025539;189701592025539
0xed30ce568c87ed1fccb7215e9eed416274af2481;328437980264059016307;331438137810012;141747895539003;189690242271009;189690242271008
0xf1d9236cf239c58384405cd79ba8775a242b420d;328437654411037837114;331437808980446;141747754906729;189690054073717;189690054073716
0xa5a30ad9a9a05ac8e3ba920dadd3f05820d50a36;328437630650947964661;331437785003317;141747744652304;189690040351013;189690040351012
0xf46d36a35eca074dac347bab4f70d969e8cbce59;328429921511593126574;331430005443870;141744417527107;189685587916763;189685587916763
0x362afefe31af31f3ba13949aa59911fa3b98a21b;328429039786684103664;331429115664735;141744036990574;189685078674161;189685078674161
0x723d93df6881fba4a8ebeb1368132c4b210d6723;328427236536321562873;331427295942358;141743258740312;189684037202046;189684037202046
0xaa19a18e60b52ba4bb09bfb406eedafd78b127e3;328422627389585628104;331422644692799;141741269515894;189681375176905;189681375176904
0x9c12e2863b83f0dcd65950e29e49e92e0eaa0666;324753142361708006255;327719640297924;140157586106335;187562054191589;187562054191589
0x910fabaebc56e12ee0f05c5d9023040c9be2bb86;324451642100683021845;327415385945297;140027464043501;187387921901796;187387921901796
0x2c6d438d7780618946d5473bddbf251b716f223e;323130607406147061503;326082284095178;139457329347953;186624954747225;186624954747225
0x6c568b173c88421d7a888049e8bb7b076f8d2265;323116835453095990350;326068386340511;139451385621953;186617000718558;186617000718557
0xaf1c383ce06debbf9f3c91349fd03cf651221121;322416164644400818008;325361315167241;139148988766029;186212326401212;186212326401211
0xdf8979cce6f1534df0a042543a187aaafbdcb671;322070720742731364867;325012715765323;138999901422205;186012814343118;186012814343117
0x6b020dc9a5371b8e5421bdfb8aa0d6f52d0abc4a;320462177055441279725;323389478635826;138305683042307;185083795593519;185083795593519
0x98da2cd731dc53a611cda8edc10520d1d7125ef0;318774315615074471165;321686199215380;137577232553904;184108966661476;184108966661476
0xf6dd849a1c72e4fbd9c8c1d06de5660c0af3e67e;318351594493627674919;321259616695318;137394793758863;183864822936455;183864822936454
0x6e4aaf7ab038512ee29989b3d1fc6ad8efc36f17;315752804403434591448;318637087634092;136273202930859;182363884703233;182363884703233
0x6e2f1d7ee2aa23007448810bd21bbccce07ff21c;299454237852389166716;302189639801452;129239036215256;172950603586196;172950603586195
0xf4cc5a237de073aee546137ae6532d206f02a470;299376414829330057655;302111105894317;129205449205209;172905656689108;172905656689108
0x2c58f853b21becbf9abb59995c7ae33a6750bd0b;298519784508228443513;301246650577093;128835743042805;172410907534288;172410907534288
0xc90ac6de237a9a8854b753121f1f0932a8598161;298421323986066275999;301147290655056;128793249261182;172354041393874;172354041393874
0x9d3714cceff1e57d9653158c877def1e74bd6f20;297676598041037040522;300395761918334;128471839004742;171923922913592;171923922913592
0xf19d2c58a0b8ec01c415e39d499f3c51628b06c8;296832287083489602287;299543738497422;128107449656967;171436288840455;171436288840454
0xe0393b7aac6f32b1c039ade3bf7d1a8dad0506c8;279315049087289024082;281866487113865;120547326373963;161319160739902;161319160739902
0x48f7d45fa696dc89ff4f2233b25490455ae19dc2;277654328327947052058;280190596294367;119830589312904;160360006981463;160360006981463
0x594c9ad8d38fd59daeae8520ab1e31b2a866c4f2;259741268546473439409;262113907442251;112099636502127;150014270940124;150014270940123
0x0eb0ddfb4350bae7435acd27504926204235a9de;249816184618973436423;252098161602217;107816149681754;144282011920463;144282011920463
0x62074709dd75fc1f1699022e768fc0910065816c;249729705428982758086;252010892457319;107778826826525;144232065630794;144232065630794
0x415da9425974e0de25456093dfef24ce36bae64b;249716892825099093678;251997962815113;107773297138285;144224665676828;144224665676827
0x8566879bf3c413c60de555072467723d6f79bb85;248060458366636554580;250326397450243;107058409967208;143267987483035;143267987483035
0x9ce5ca66e5ff700295f4d89f9dd5816d31b34477;226957925021893140322;229031100392235;97950938018458;131080162373777;131080162373777
0x1aa4d39d43825635e22d3af97acca25cb04b3439;205503606895757352286;207380805131032;88691642116811;118689163014221;118689163014220
0x79bdda65c706cbda69c0ad4c8da1d3e91724f48d;198453632660036749621;200266432029549;85649000669820;114617431359729;114617431359729
0x83bbe9cfcc205bb8e53cba0b51d6db9386ce58b5;198453611626200199524;200266410803577;85648991591996;114617419211581;114617419211580
0xd12461948a7e2dd2ad3f18861e9f42e53310d8d6;198433624300345873536;200246240901011;85640365423442;114605875477569;114605875477568
0x47b8c706596aa7e95751aa5292e7936518b1e4ab;197971280850267678205;199779674117232;85440826347565;114338847769667;114338847769667
0xddda78690198398ea24c32faba940ed9582d3681;197728995892812506826;199535175977724;85336260539395;114198915438329;114198915438329
0x5e0de38c0e5633d66ccf54b13c6cedba5a4197b6;177537796036896564780;179159537097549;76622103651442;102537433446107;102537433446107
0xbbf5a035239183918839094ec012c69eefe67836;174926477506955756231;176524365153986;75495105775302;101029259378684;101029259378683
0x45d993393f7b3fe781935e1155118c7f830d4415;158752630062177341082;160202775689787;68514765571581;91688010118206;91688010118206
0x72292f8183dad15dae55377321d29f1053d1603f;153558000442954392206;154960695080767;66272857324436;88687837756331;88687837756330
0xd589fc3ca2bb34c78eafab14743bf51b19f19841;146310097039199187686;147646584802668;63144793226227;84501791576441;84501791576440
0x77f75363faeaae05aa54aae33e19a0c901147c11;137461178028760509223;138716834241866;59325759731635;79391074510231;79391074510231
0xcbdcb14d4963a045d6517a89aab07a097230c9bc;137408132537146729544;138663304199617;59302866256288;79360437943329;79360437943329
0x59bd359db4bea32f5cc03f8689d7f72aa088d39b;137035283303756601543;138287049128571;59141951266664;79145097861907;79145097861906
0x71ddf9acf07d4b10d6e6318a913f2f9ea4a0353e;134378146819392282182;135605640700785;57995179189587;77610461511198;77610461511198
0x2b6343feea1502f4f7a6e9c807f1893ce6bcc15e;117085748211727485816;118155282529100;50532092522547;67623190006553;67623190006552
0x3e12c5830ff80167b5aa9e85f364176125fcd75f;115367051396473985586;116420886064204;49790334043714;66630552020490;66630552020489
0x38f9e664bae85f8bebb42bfdc9bb929ec1ae1a70;109148520716946414515;110145551443402;47106528606659;63039022836743;63039022836742
0xd94956899b614342d11fbb64249f451ab80cf1ef;101018481107242673693;101941246976558;43597750467183;58343496509375;58343496509374
0xb1e613ca77a746994a5105ae7ad7f37322571d05;99227787409738087082;100134195964943;42824919435364;57309276529579;57309276529578
0xd5e089906d0c759f27403f3db7ae76007ca09dad;99227601147611606964;100134008001382;42824839047997;57309168953385;57309168953384
0x6b74039b8823752c47e12117c96eeb44fb0aa94e;99227574558286035089;100133981169172;42824827572524;57309153596648;57309153596648
0xa2c0905a8a1e66cc1633d2031ee21b18d4a42fa6;99227569595553157596;100133976161107;42824825430699;57309150730408;57309150730408
0x3929a03b762bb15f1afc1608df887323f6552e25;99227500982420949674;100133906921220;42824795818511;57309111102709;57309111102708
0x8717a864e8d69066ea50dc0b6ff4040edcaacf2a;99227497795352436368;100133903705038;42824794443030;57309109262008;57309109262008
0xe3e6d2a6218d653a506defa39e26496ab94e7f6d;99227486731672428437;100133892540296;42824789668145;57309102872151;57309102872150
0x746bfefcbcaa164966f9d6992686c17be438cedb;99227483772252020672;100133889553842;42824788390913;57309101162929;57309101162929
0xb3467880204d2a2d5dbff08ee67584cde9035253;99227343542925024077;100133748043573;42824727870470;57309020173103;57309020173102
0x77a59a1dd80a1b89b6db958f9476844fd7fb7802;99226781683378543099;100133181051651;42824485382046;57308695669605;57308695669604
0xa716c2ef62b60cf82b8119947030ea7e26a39908;99226772395712490042;100133171679145;42824481373657;57308690305488;57308690305487
0xd4357cf9b5466fe61778baa2c463fcfba84cce19;99226456069134413949;100132852463043;42824344852824;57308507610219;57308507610218
0xe4e75d7df7fe0cfdfac5fa0c1e4eb184d5ef614c;99226054151554408442;100132446874097;42824171392461;57308275481636;57308275481635
0x37a9cdef34a0d59ddc6e2302e273e42feadccb13;99225996286093657274;100132388480057;42824146418774;57308242061283;57308242061282
0x148cfd96dac75963a29d55f29ceece4111201244;99225961047812562672;100132352919887;42824131210569;57308221709318;57308221709317
0x46510603609b7ff098bf8245fe7d7e0cf395dddf;99225587813958634847;100131976276682;42823970129584;57308006147098;57308006147097
0x2f927703d66375ded4916e3aecac586faca50c96;99225470353427593611;100131857743193;42823919435742;57307938307451;57307938307450
0x1b4c75a5397c983c38c987d872b4f407c1d97f50;99224783758580468635;100131164876560;42823623113817;57307541762743;57307541762743
0x764aab74fc908dc9f21884275581f83ae7575fee;99224393727289829963;100130771282480;42823454783362;57307316499118;57307316499118
0xe507efaf7c2f73cbb486e9e1c690b225b265dfb9;99222772791436848727;100129135539987;42822755216747;57306380323240;57306380323239
0xafb23451763d6be8e3b5d8494a1acfeed2c9f40b;99218576374077277166;100124900789932;42820944118868;57303956671064;57303956671063
0x7f07d465d1f706314ea62e7256d4407182610b0a;99218354251821461263;100124676638673;42820848254918;57303828383755;57303828383755
0x97d7846316efe4581a5a1ef3de3e88814ba75e25;99218277949989601169;100124599639852;42820815324426;57303784315426;57303784315426
0x909d80adfd0da1be9600775d091659873da0728a;99213640048176072426;100119919372548;42818813689837;57301105682711;57301105682711
0xe20c54bae4826173346a50e48b78c60fa141d333;99208639892479168005;100114873542308;42816655713019;57298217829289;57298217829288
0x3ca7e46c70412ce4898292f258d6dff7d15b6262;99205975812693500940;100112185127154;42815505944339;57296679182815;57296679182815
0x8fa3aca9c712f3f582c8c6053e465c3f4db3cb83;99195153317461694259;100101263772495;42810835151021;57290428621474;57290428621473
0xda91110b8ae4d3893e599ec38735e4a1662bbafe;99184661067701170269;100090675679975;42806306885679;57284368794296;57284368794296
0x9d97b7fee9308caa5a892fa916f79504929aa8bf;99184490946706985326;100090504004989;42806233464533;57284270540456;57284270540456
0xf1a3262e48eff92d41c1cb8708fc2c5f592d9e76;99184296282200660864;100090307562296;42806149450851;57284158111445;57284158111445
0x93c8b86e36fae2a53a5c688a6e426b9d14425ede;99170277625803712828;100076160850740;42800099252147;57276061598593;57276061598593
0xa1d5d2d931b532a0503e97f540f65ed256f374e6;94951275571541761252;95818619797915;40979254226898;54839365571017;54839365571016
0x7c657b4594c0547840c3f790aaccb23db8c07317;63329965305389620614;63908460743533;27332068293014;36576392450519;36576392450518
0x12924049e2d21664e35387c69429c98e9891a820;62604413590993639425;63176281386837;27018933287929;36157348098908;36157348098908
0xfb43d81e71cb6310bed2e1af3ae597fb0d1b0ae7;53317501438868481138;53804536781567;23010869870412;30793666911155;30793666911154
0x525132158d6966ad6ba7b729295a73616a8a06a8;52800956526825075340;53283273425833;22787938423280;30495335002553;30495335002553
0xed80d5a03e833d05bf190e116f22e5e447b8e39a;50525975482767531113;50987511284715;21806097726516;29181413558199;29181413558199
0x6a52f2b1ea5082bfadbe90ffc83cbd813cfdc0ef;49857996163269643778;50313430225113;21517809926407;28795620298706;28795620298705
0x50b8c1e6e250a070200155544f34b8cb352be3e4;49613980370951609775;50067185440216;21412497121196;28654688319020;28654688319019
0xb955bccc2d0db2785e1bb9668723024a123fe0d1;49613860764085442796;50067064740786;21412445501035;28654619239751;28654619239750
0x47ad6569ea3fd2bca39bc1f96bd115c113e8f833;49613831761649684963;50067035473424;21412432984108;28654602489316;28654602489315
0x86d7933192b1faccb62db1e893dfe25d1e2104a7;49613595421048895272;50066796973940;21412330983776;28654465990164;28654465990163
0xe8f24002e23125c741f11253585a627877e50ce9;49613488248368715324;50066688822278;21412284729985;28654404092293;28654404092292
0x5b9828975e88c40fbb601b53107d96985bbd2701;49613408756870427269;50066608604655;21412250422891;28654358181764;28654358181763
0x7173cf57fadc23bc57911100aad1a5e0152a0038;48496570364344385938;48939568313042;20930243160301;28009325152741;28009325152740
0x5592a99e64c24ef08c09c40aede9f8503db7a1a6;47397598691098350688;47830557946476;20455946850799;27374611095677;27374611095677
0xc910b529819ce57c545e9fd506a4d169009a4fa0;46915003991304985507;47343554925425;20247667701600;27095887223825;27095887223825
0x3021a59f56cae360183c40965d7059a4a73a7ba7;46709851198990802701;47136528139435;20159127464715;26977400674720;26977400674720
0xc96f4de58ad0d92c523623d19001b0f3b244156a;46158832389463720939;46580475980117;19921317706568;26659158273549;26659158273548
0x901f6bb33600e0507c9f859af07d2fee20e0b4d0;45698372355823831749;46115809817078;19722591479182;26393218337896;26393218337896
0xec5f0ddf07b89b659fb1b578fefeb4a8d335826a;45486299718418071353;45901799975812;19631064762237;26270735213575;26270735213574
0x0ce4b16411b408bc9f06d456175db3cc79b25299;38895434181982155878;39250729359081;16786566331150;22464163027931;22464163027931
0xa6f77292ea6706af5fc413423e05008fde97bb1c;34421279225741209012;34735704678386;14855601925473;19880102752913;19880102752913
0xc09453d6b920186f0a638c0cd1cac2ef338424ca;29767237330397185496;30039149858988;12847001568459;17192148290529;17192148290529
0xe477b24601ff4e23b13eccd9ce80ea73ac8e9d71;29766707222322872504;30038614908575;12846772783396;17191842125179;17191842125179
0x5573a7b65ac109d7d6335800154fa99b816d430a;29766222975496289032;30038126238336;12846563791218;17191562447118;17191562447117
0x38c2d9a73bfb23972c91af9c9f91e6d20f58ca18;29753657261025550181;30025445740785;12841140655987;17184305084798;17184305084798
0x5419d329d96a5c839d8edf0473c88198c02d1f7d;24806848906879443898;25033450150984;10706187587309;14327262563675;14327262563674
0xe8c583ecaa8aaac7b1243bb9c45bebd38457e682;23079398454284813903;23290220087559;9960651196828;13329568890731;13329568890731
0xa409674ec64085b579203e5f21e078f7d6ab7dd7;22045049810807457204;22246423057858;9514245018868;12732178038990;12732178038990
0xd8f81e6814b939e1113f16e29286715c6460d9b8;21829849992853609252;22029257470424;9421368667324;12607888803100;12607888803100
0x41d0240f2ff5ca91efe863f0ab409e33b8d6be20;21829097091940614265;22028497692045;9421043728899;12607453963146;12607453963145
0x79b4aded3f376c60cc4392b2641404402003213d;19845498721326796865;20026779895611;8564958527051;11461821368560;11461821368560
0xfdd8ed499de6f6629d3c7d64b1cce6e352816412;19845456998789243530;20026737791954;8564940520357;11461797271597;11461797271596
0x428517fb3b546d03013af4dd9f1c69fa9e076921;19845305527728072937;20026584937261;8564875148185;11461709789076;11461709789076
0x46b0d1eda56b236639e4f1d082d54dadbf2b4a27;19844922670049085955;20026198582321;8564709913732;11461488668589;11461488668589
0x7f2814ff3eab6ba5489f54e5b0b034b0d8463a5c;19844404984747395265;20025676168159;8564486490113;11461189678046;11461189678046
0x3be7815f8865e3a279bfb303d1f53f6c60cd82f9;15081326893038105145;15219089147710;6508828081652;8710261066058;8710261066057
0x6c0f2d1474fe1c591eb9a286b36ebdbd37434899;14884159772683589335;15020120979792;6423734316439;8596386663353;8596386663353
0x91f684d70ced2d9789b1aa89f996b55eaf05ee8a;14703457878427425151;14837768441627;6345746645189;8492021796438;8492021796438
0x1a795b47b01c5c459286284e0a8550aa7747a27e;13059891814535026435;13179189019277;5636413240603;7542775778674;7542775778673
0xced7b72c9d1a326889e7395fb2cb2d4a325a722d;12181154573004018898;12292424843212;5257166130940;7035258712272;7035258712271
0x91873da1097fbf2e404855e78bdfe38ddfc2d292;12004451004972682160;12114107154479;5180904065016;6933203089463;6933203089462
0x23f0d08797a87e63f55637b02ef25361290d52e4;11690083131319980992;11796867648418;5045228573164;6751639075254;6751639075253
0x8c0b7c8b995151995b40e6c00d495fddbd34cb65;10914952485628719210;11014656475517;4710696197504;6303960278013;6303960278013
0x9e1b1db13feb454927adca2a97a09ca2423d2aab;10914907112701276870;11014610688125;4710676615369;6303934072756;6303934072756
0x95aef6e26450def53b7c8c85a39a1fef07974b29;10429895494000290703;10525168670521;4501354367657;6023814302864;6023814302863
0x71db4acb731236ba67482bee3268a80b9cff2943;9922794986024756205;10013435989937;4282498954606;5730937035331;5730937035330
0xe4775ec96b072f77d613b6a9442dbba98237bc5b;9922793556385379969;10013434547239;4282498337600;5730936209639;5730936209638
0xe3dd67e7a2579e0369ae0d449ef7e4a396000752;9922790091559918891;10013431050763;4282496842244;5730934208519;5730934208519
0x4475e2a824a1e38d17a5dce389b9ab5df3de186f;9922788416059368914;10013429359958;4282496119128;5730933240830;5730933240829
0x060165d9f472e872102736cab548812368997e4d;9922786508356673343;10013427434829;4282495295798;5730932139031;5730932139030
0x97df3180b6ac60608ceec289362e834d530b51ad;9922777156537346819;10013417997584;4282491259722;5730926737862;5730926737862
0x2cf3bc994c63df03e3438226cc2e52ffa980aee7;9922776915229514047;10013417754072;4282491155578;5730926598494;5730926598494
0xd2deffe956c02635452c2d56ba4fd0a063186e00;9922775412747175107;10013416237865;4282490507133;5730925730732;5730925730731
0x1633090139689acf26bc44c7dc9c5f2d4e320526;9922775294369794891;10013416118406;4282490456044;5730925662362;5730925662362
0x2bcd8898a678050efa5f41f4c6012045dee1b5c3;9922774552234703839;10013415369492;4282490135752;5730925233740;5730925233740
0xa77bbfb273df52fcf779ed8fa6844f2ef91f416c;9922773532368168904;10013414340310;4282489695596;5730924644714;5730924644713
0x20b278b9a6715fce84f39bb58382c956cb5c391d;9922763893725633300;10013404613622;4282485535732;5730919077890;5730919077889
0x10add9a6e6ec07e86b3d136d57ce85b6ed4570c2;9922763037767347293;10013403749844;4282485166316;5730918583528;5730918583528
0x6252f402228afe8d18622419b89a1db77ab1fc93;9922763005896560142;10013403717683;4282485152561;5730918565122;5730918565121
0x777846637c9e417290ead1be4b19922c1fca6b47;9922762291080349798;10013402996337;4282484844059;5730918152278;5730918152277
0x699babd3a456e1fc94d30b6f9a607d96932c3147;9922748695932015800;10013389277002;4282478976639;5730910300363;5730910300362
0x9df9f088eae2f0c4aabccf34eb437659baef01ad;9922741980343469521;10013382500069;4282476078312;5730906421757;5730906421756
0x02f13757bd45618e37a4f6a1689c33b250f288aa;9922738042089704859;10013378525841;4282474378633;5730904147208;5730904147207
0x98e997a08a568ff27b98857e854bd6ce275f64e2;9922736157201188206;10013376623734;4282473565149;5730903058585;5730903058585
0x3a27adfdde1d917984a9169d25e832eadcb5b996;9922736002405971380;10013376467525;4282473498343;5730902969182;5730902969182
0x9bacaec9626e537072882077386d41a0c01fea25;9922734408926083774;10013374859489;4282472810625;5730902048864;5730902048864
0x97e6c4f426c83aa5b3609ab95c6f42be700330cc;9922730001817848132;10013370412124;4282470908597;5730899503527;5730899503526
0xd0b811b909affd5b7f3e1201d450da173796b7fb;9922719011365041119;10013359321278;4282466165316;5730893155962;5730893155961
0x0c2a4d63096d78c43cdc31a3312a22d1875be87b;9922715191570178113;10013355466590;4282464516762;5730890949828;5730890949828
0x4bdc3b5d5004a1409dd62b23a744cfeab3a0ce91;9922708699286953302;10013348915002;4282461714810;5730887200192;5730887200192
0x4ecf18b838e9af3451c3e0f6b45becbe95a9794d;9922706095090440237;10013346287018;4282460590886;5730885696132;5730885696131
0xd3e8515e8ac7941ae6608e1158b7a2312afb84bc;9922698733235558893;10013338857915;4282457413642;5730881444273;5730881444272
0xdf8b5592d213046b7b756513dc1529dcf1ddea13;9922695314097352210;10013335407544;4282455938004;5730879469540;5730879469540
0xa976c4b1a11e91f88dae32ed22e48699f2c5f3da;9922691161964096418;10013331217483;4282454146018;5730877071465;5730877071464
0xb31d6b9b580903c07e3896dd7937a48bf95a191e;9922685935377287546;10013325943153;4282451890318;5730874052835;5730874052835
0x178df84ac16e7a37ba92b102b285155f796d98d8;9922684273613788663;10013324266210;4282451173131;5730873093079;5730873093079
0xd78d0cc81356b39bbe04377e4a6060de410b7ce0;9922684082397069195;10013324073247;4282451090605;5730872982642;5730872982641
0xbef11302091aac60ba686d0ad6c639cabdfe95d6;9922673497188490702;10013313391346;4282446522221;5730866869125;5730866869125
0xb388233fc7f3391c41392545bccf0909e5cf4b41;9922671038689331122;10013310910389;4282445461177;5730865449212;5730865449212
0x492b30e7b576ac749f2a398bc31f08d8436ba504;9922671029583779236;10013310901201;4282445457247;5730865443954;5730865443953
0x4804a2c8216250c84a04e20a71dd64ba60b489ae;9922665948687650710;10013305773892;4282443264424;5730862509468;5730862509468
0xcc53b91c8473279018eb5baa5826efee2f94500a;9922605060040816636;10013244329051;4282416985985;5730827343066;5730827343066
0x4d5f77ad1610f267152a1c9ed8a413ce1217b939;9922599382760871070;10013238599911;4282414535773;5730824064138;5730824064137
0xccc031e01043467ed9ddc86d930a2f5b021b1736;9922556996723825370;10013195826693;4282396242726;5730799583967;5730799583967
0xa68176387a8a58814b780529df1d164d0904c9ec;9922554761331263997;10013193570881;4282395277971;5730798292910;5730798292910
0x88f659b4b6d5614b991c6404b34f821e10390ec0;9922549175127175036;10013187933649;4282392867066;5730795066583;5730795066583
0x79cbed42d632d00a0e990ee4859ac4b3c70e68bc;9922545678349748618;10013184404930;4282391357920;5730793047010;5730793047010
0x8b69288becd1210e7bd1ceb9a92b4fefc1ca4bd0;9922500265356906709;10013138577107;4282371758493;5730766818614;5730766818613
0x7e4371ca3fecc8ee1edefd9c7bb9d65405a9d88d;9922482072669552950;10013120218236;4282363906858;5730756311378;5730756311377
0xa4fdcc5442bb5ad69d9db54cde1d41df61e5e69c;9922460278794270317;10013098225282;4282354501016;5730743724266;5730743724266
0xd365bfc9a5991727790685074624c23c8fad455c;9922459991973128500;10013097935841;4282354377229;5730743558612;5730743558611
0x390d9a55eef37581f183afff7b0d4f8ebb8d23fd;9922419709582682568;10013057285486;4282336992077;5730720293409;5730720293408
0x1dbe67c11c718b4f0d4c22def41ba35fc3f6cf18;9922413777407799735;10013051299123;4282334431858;5730716867265;5730716867264
0x3383820dfc906cc59b989ff7e87e68f0aca78c77;9922408764882000555;10013046240809;4282332268542;5730713972267;5730713972267
0x44857ce47b5cbc67276cdc0f561d8b8fb77a929b;9922379418263457023;10013016626121;4282319603072;5730697023049;5730697023048
0x22ef68d1e65bfc9c3e2a3dcc2dbbcd14037f0a88;9922229822246798307;10012865663600;4282255040135;5730610623465;5730610623465
0xa37dd7c67c5c985aa56f7cf362b29d83c3f36816;9922206872071060580;10012842503784;4282245135254;5730597368530;5730597368529
0x685c99e8780e5a7f158617cc2e9acc0e45a66120;9922116869927793424;10012751679504;4282206291956;5730545387548;5730545387548
0x00d5be1832300f59a914c78e25acba7fe0568a91;9921998933063312266;10012632665331;4282155392537;5730477272794;5730477272793
0x6b671cfa2619790c861fd3b4b3cb3ae5a78ee3fc;9921904201669205662;10012537068601;4282114508180;5730422560421;5730422560421
0x82e5b6ad650fe2741bfca6a095d493cf97ead16b;9921890757753071219;10012523501880;4282108706029;5730414795851;5730414795851
0xc0ea3afeb9a83ef8f83a5df7c563a3b7c4a5fae4;9921803087975641194;10012435031272;4282070869338;5730364161934;5730364161934
0x60d442cdb97175d9220b2bb9b6d4efbfe6d8cb3f;9921782309879012335;10012414063375;4282061901887;5730352161488;5730352161488
0xdd6c3b5fde786a21299faeacf00a10edc2e8e7da;9921402560502483435;10012030845131;4281898008920;5730132836211;5730132836211
0x17f43f532b3f91c1628ff513290e730446cb9355;9921076931315978006;10011702241444;4281757473249;5729944768195;5729944768195
0x05f6875132b910976ee165171b78d7965e0fbf5c;9920751284452706038;10011373619919;4281616929949;5729756689970;5729756689970
0x7e7e11515eee3f90876706f73a16040903ab6599;9920702045414728548;10011323931101;4281595679270;5729728251831;5729728251830
0x4b710d3ed4b1822658cb4498b485277bbf537d23;9920372703138848819;10010991580407;4281453541097;5729538039310;5729538039310
0x09f52e6ae1649551a7aad0e089e04ac0d622d486;9919870607118321637;10010484897928;4281236845530;5729248052398;5729248052397
0x86582e18c3bfe5204dd142085462973c28f1dac9;9918764653589172014;10009368841929;4280759535978;5728609305951;5728609305951
0x1a46e2fd9aa89fb20c45add8152350554932efce;9918712186866961913;10009315895943;4280736892289;5728579003654;5728579003653
0xca7a6a53d5576102765a0281c723f863d881dc96;9918129341722392541;10008727726727;4280485346860;5728242379867;5728242379867
0x7dc3e945238fdb44936eebe654422a83bdf5d9ff;9917314939082655566;10007905884825;4280133865402;5727772019423;5727772019423
0x04738a5218560e7c8aa8fcef38c2b18dab4a95dd;9915927296299617947;10006505566447;4279534983859;5726970582588;5726970582587
0x01766aca86ceff106ed12decc2cb655f8bf87e7d;9869394789543877547;9959548002725;4259452395050;5700095607675;5700095607674
0xa2e01883a00e07eea2883152d5cd19f48f092a20;9179018242355494317;9262865125173;3961498356316;5301366768857;5301366768857
0xa8a9f7a1895e4fc509825968738f3fcf28e58aa3;8724224746099835463;8803917261208;3765217704038;5038699557170;5038699557170
0x33f916a3d066f761f489997a2f35b721bd747bed;7683465018438260990;7753650584479;3316044618029;4437605966450;4437605966449
0xa7547faeabbdfe5d805133622fbe3c7d473c188b;7052607827664231731;7117030750298;3043778057670;4073252692628;4073252692628
0x0922b44805cb5d90f35f3b9781aff83b47d722d3;5964395338199042952;6018877848615;2574125217408;3444752631207;3444752631207
0xec48ec785b6bb8f298fe4f4a7868ac4f679e4c39;5298661795841018655;5347063080483;2286806654119;3060256426364;3060256426364
0xa7f053d0a4df46577428b84fb3a59e98775ee698;5074454445840976905;5120807680582;2190042814561;2930764866021;2930764866020
0xc1a59841dfd2ba17e4d6526d0a0b35edb6159163;5060620780246770245;5106847649651;2184072454544;2922775195107;2922775195106
0xd2602c7bdfc9f413974e944280bbfae275d1b1b6;5060485943730908002;5106711581454;2184014261541;2922697319913;2922697319912
0x6b92e0af611039a8983ef648f83ca4ee46869e7d;4967654293475534635;5013031948953;2143949799287;2869082149666;2869082149666
0x57d3017db560ea906e67ceef0250348793c05053;4961396810063623465;5006717305781;2141249182555;2865468123226;2865468123226
0x90c38b5b7cc04e647ca2985069f2dbba906eb619;4961347611520872564;5006667657828;2141227949353;2865439708475;2865439708475
0x3cd19b965212aa1abd650c64444c4a06ea645f1a;4961268546088927447;5006587870163;2141193826142;2865394044021;2865394044021
0x0da0bde2ccf8dee7633e1b7931797d2e84a5616e;4872085097301687226;4916589764080;2102703861697;2813885902383;2813885902382
0xcf92c29cd74ac91027c88d6290697953e0489087;4762931686728384547;4806439278113;2055595222717;2750844055396;2750844055396
0x5fb452fc780868a59965b2469bf603bb5fcc75e8;4762929743883396708;4806437317521;2055594384220;2750842933301;2750842933300
0xcd6b980029e6e6e0733ac8ec3e02be9410d09799;3795366383627437870;3830035629511;1638011527309;2192024102202;2192024102202
0xe51540f72f9bcd25559d7438fd91296f560d8ec4;3251960977685896745;3281666419360;1403487576532;1878178842828;1878178842827
0xbc71063446773b718a8f07e091d7e1522653f89e;2480689390136705904;2503349555648;1070620700611;1432728855037;1432728855036
0x947b181e5e531863f3adfa73c738998ce0caf863;2480664905083720075;2503324846933;1070610133305;1432714713628;1432714713627
0x286c6d822e33862f5b673f2ba126b76ccabdd088;2282236989875706207;2303084367275;984972231823;1318112135452;1318112135451
0x8a0c098e896fa309828a35ce714403d23cbbcf3a;1984559271293832402;2002687474580;856499909213;1146187565367;1146187565366
0xc33deb68fd1fb05dfbc892581f0b88799d91af2c;1984559201179081520;2002687403824;856499878952;1146187524872;1146187524871
0x9b459850fb94df8b678a1882eac1e8967290897f;1984548118341181468;2002676219749;856495095800;1146181123949;1146181123949
0x0403ee15e9257c4fc1063060f1cc46b044e66f66;1984483998370093619;2002611514066;856467422779;1146144091287;1146144091286
0x38ce8d007f1f7431664bfdc526b30e52ec1f53ca;1887182808753798312;1904421514641;814473988127;1089947526514;1089947526514
0x4a51f8cb54edc4f3bd201607f5d7c91bd3986593;1756689191668013537;1772735887394;758155301755;1014580585639;1014580585638
0x7e8787ace247c651a6645b9923c5408b4d9f0638;1753416692926466122;1769433495606;756742950451;1012690545155;1012690545155
0xa35ad5122e51d7827b531908a089f8ba2c8c7709;1639897498775650709;1654877346269;707750118193;947127228076;947127228075
0x62548bae0ee0851a92a3933cab5ececabe38d779;1190733640688299913;1201610545102;513899115989;687711429113;687711429113
0x2764a735b32b1df4287fb5d7b556f8004d82abb0;1145090538234764366;1155550510057;494200378001;661350132056;661350132056
0x54d2e6e361d72655e25a0892e6b847d643ac1d5b;1111325629991710504;1121477172064;479628053927;641849118137;641849118136
0x5a19c6b67c45adadc6a521b8cb775a279009b723;1091505296403844022;1101475787176;471073956217;630401830959;630401830958
0x38a372e98101708911675801225554ac6d524b2f;1091499228972242284;1101469664320;471071337623;630398326697;630398326697
0x0a278898cfe1326a514a723944408ccc1e372c60;1091464115788195508;1101434230390;471056183407;630378046983;630378046983
0x32babb97811735400dd1e2fab0b7d93b069c3f40;1090730465816990198;1100693878802;470739553341;629954325461;629954325461
0x3c0ed9ab1a12ba804900da2807c09b8afec10f67;1035729308892790729;1045190306975;447002048196;598188258779;598188258779
0x2d6c3aaaa53be2989f8c0a49cd143bbae8a3aeac;992279419380408647;1001343519048;428249861269;573093657779;573093657778
0xfa93c9a95727268b88ff77b5396ed3b8b59a1ba1;992278725504694371;1001342818834;428249561805;573093257029;573093257028
0xf21cc639a67d689b844a6dd644ffa7b4c4a039ed;992278587093900370;1001342679158;428249502070;573093177088;573093177088
0x0616302b63596cd0155c8c6fd2ce98e8f9881967;992278549304159002;1001342641023;428249485760;573093155263;573093155263
0x08a1d63589a52455e90ca1ec01c8d48c54a84ed0;992278178691635364;1001342267026;428249325811;573092941215;573092941215
0xc1550345956bfd866051982b3e42d72cf2c6aea6;992278158203232428;1001342246350;428249316968;573092929382;573092929381
0x0c610dc0321d77fb25a155ec3bfb0ba5b028ef78;992277765281200567;1001341849839;428249147390;573092702449;573092702448
0xc83ed7bb86b1d68369ffb2f9c2facd65ad5acc19;992276960770520494;1001341037979;428248800178;573092237801;573092237801
0xe961066d859d4922b51269801cd26a2351c4f1e3;992276581052627589;1001340654793;428248636298;573092018495;573092018494
0xe62f3215e1d8c166da3632cd75d47f1fcfd947e0;992275894464856049;1001339961933;428248339980;573091621953;573091621953
0xca575908473bc7c73ecdb45c6779d82497cfdcd7;992274852291974467;1001338910240;428247890197;573091020043;573091020043
0x1f8231ef50e99d361b5252a24ec2ec44285367e1;992273171822247388;1001337214420;428247164936;573090049484;573090049484
0x15e9af27556a405de918504a83c307d194c71b39;992272141524154968;1001336174711;428246720278;573089454433;573089454432
0xcf92621890bfd4a4d37eb38d262ced75c34210cc;992270495689277942;1001334513842;428246009966;573088503876;573088503876
0x8a3bbc238f6126fe7498388fc11271818da0020b;992270289447881352;1001334305717;428245920956;573088384761;573088384760
0x8f573620cf975ce0f85589af46ed31696d16a9cd;992269816413795634;1001333828361;428245716803;573088111558;573088111558
0x54ff471928afa616a7150c3c7dbbd37ec9d10c1b;992268876720375680;1001332880084;428245311248;573087568836;573087568836
0x53a4d82284fa3bdb8fee4fc771b37760bf024742;992267127088090590;1001331114470;428244556138;573086558332;573086558331
0xd563e6a26a1d097da7d980bbe076c567f7fea62b;992264954960983745;1001328922501;428243618687;573085303814;573085303813
0x3bcdce2397a79417164e0ed5a3aa4c3e7ad8c413;992263783535047735;1001327740375;428243113121;573084627254;573084627253
0x3382fb8856a22f0d328b328245a2065235bca1b7;992262916233964350;1001326865151;428242738810;573084126341;573084126341
0x330769bb18f0d8ac01f7812166729161ed4d6015;992261693362628686;1001325631109;428242211041;573083420068;573083420068
0x301a932d3faba362fd5fe592039f74658dc0945a;992261580909522911;1001325517629;428242162508;573083355121;573083355121
0xba3b454a0c8a645c627b78b974e9c6e18b9ae696;992256600658720397;1001320491885;428240013122;573080478763;573080478763
0x6fe7e6cb4f4568d86a1f5c7e3737d24fb286a71b;992253827133492159;1001317693025;428238816118;573078876907;573078876906
0xbf4250e7b310e2cd4c1854ae60447145a9f48806;992251017208546499;1001314857433;428237603405;573077254028;573077254027
0x3f6e473d9457452952026c6a77ea79a469d8bdd3;992249265775641463;1001313090001;428236847519;573076242482;573076242482
0x01fc87b0bbce9e591f4a0c49457b75cd9d1f56f0;992245775203679938;1001309567544;428235341051;573074226493;573074226493
0x829cecfe65bd215f15c7d57a261126913e0f8f95;992241474713372243;1001305227770;428233485037;573071742733;573071742733
0xb1658bd148f54c1e59d85f7fda511b558533b0ca;992233780680329320;1001297463455;428230164431;573067299024;573067299023
0x7be9f74e73f1d1ace72d0e234202b9d079309db3;992229695572150165;1001293341031;428228401373;573064939658;573064939658
0x5000715dc45b5581b1871c72c5aa30d8853977f7;992228564691668115;1001292199820;428227913305;573064286515;573064286515
0x237c6bd2c383bfd1b91574bf79517471a3106c9a;992221698362122914;1001285270769;428224949921;573060320848;573060320848
0xaf1176de769470ab9f9db691b0a9389a300e06ed;992216608446807080;1001280134360;428222753206;573057381154;573057381153
0x18613c7c626d793edc94f145bca9fd6ccd9566df;992209570907627073;1001273032535;428219715931;573053316604;573053316604
0x2d0af6b7e9202358ead703a35709f55eb2dd4350;992203921043753616;1001267331062;428217277552;573050053510;573050053509
0x90003304d8ebd4aad7981bcf84e76cbee5d6f393;992157468481288421;1001220454173;428197229466;573023224707;573023224707
0x79926c541d1f28f9a0abc9c84592e31743cd1997;992083009171224255;1001145314705;428165094173;572980220532;572980220531
0xac817b3c5577d104420b3fe01b4ac1b7126cb000;991968966144486876;1001030229938;428115875264;572914354674;572914354673
0x2fa70dab248f3521f2e904420acb23623b256fce;991615896088275469;1000673934719;427963496610;572710438109;572710438109
0xcc6a99b3cea642acc1907c9beb30195c3e85cc52;921490361625539466;929907829848;397698583503;532209246345;532209246344
0xf36ccab924910bfceddce38377ca9e764b86c272;738896884028600791;745646429439;318894539076;426751890363;426751890362
0x0b5f6a4c654e08a7ad6bf3a1c31aa4a135e7ae64;505123470769870574;509737583885;218002159529;291735424356;291735424356
0x7c65e372bdb53a4710b2ec0a6c5bf6950fe49bcc;496132613152976252;500664598162;214121867897;286542730265;286542730264
0x216f92ac691a73347467bd6c487f5774081fc587;495060273644714934;499582463235;213659065549;285923397686;285923397686
0xb8d61b1fe18209fe522d6c0daf0900bfd7f20f15;469276880031847614;473563548009;202531418918;271032129091;271032129091
0xef8acdceee68227988cc980a7c9216c4f328c23d;408269881669426629;411999273639;176201901168;235797372471;235797372470
0x5b8b87331e484afb35138da956aa30be26c1f22f;384988966726374229;388505696285;166154279098;222351417187;222351417187
0xdd65c5e9d1d4124a4730a9bad9ba5784f9b1d1ec;198455688735003308;200268506885;85649888034;114618618851;114618618851
0xbf37a2f4f1eafe152e8336465cfaad1fda44b588;178610294996750568;180241832932;77084974816;103156858116;103156858116
0x094da4a75c31995b325311f6986109256fb62234;100219668848046042;101135137867;43252997535;57882140332;57882140332
0x84f0cee6916d7bdceb696ff8d8dd6f1ef0d18e9f;99227853473462091;100134262632;42824947947;57309314685;57309314684
0x62ae74fb56545bf7befed4c9e644ff973a6af3ab;99226843828804864;100133243764;42824512202;57308731562;57308731561
0xacd54246eda0c5638a247c4717a8782c21497eb6;99226663174622217;100133061460;42824434235;57308627225;57308627224
0x1518fcd87d333b632c28596f2dda8b8fa20c5f75;99226449331039741;100132845663;42824341944;57308503719;57308503718
0x9f30498209c4601e0adf275201a382d569cd97c9;99223838525746822;100130211009;42823215168;57306995841;57306995840
0xe99284ca6742f3d539da5e7407997744059bd620;99223463521680106;100129832579;42823053323;57306779256;57306779256
0x5aafc1f252d544f744d17a4e734afd6efc47ede4;77610757762002636;78319702873;33495400182;44824302691;44824302691
0x25e58696fbc8eb88301ee06a57f77d9f0715ec97;55253777166947428;55758499660;23846531475;31911968185;31911968185
0x53b07d5874d4ec3aaa6cf60daf1bd47bac27b12c;21165724867892808;21359065811;9134744267;12224321544;12224321544
0x5e2cb33af78c69d4a35e7948455e2c2c09d76d2e;10319648094092853;10413914202;4453773582;5960140620;5960140619
0xdfeef4a58683105b55ee3170e6c4c7c2e8c921ed;10121191019660908;10213644296;4368123096;5845521200;5845521200
0x02caaa46b77ae1fd7246cd6bda0e41c67398fecd;9922770368051670;10013411147;4282488329;5730922818;5730922817
0xf5f155dfc740a89ffaa17c4f6459aec7d7206413;9922179970181690;10012815356;4282233524;5730581832;5730581831
0x7b281d3741f881f43a49bbfb12d85f4a1d6ac893;9915387418174508;10005960756;4279301982;5726658774;5726658774
0x338f866332615606f2db818bc68f9b9adb4691c3;1022041612700525;1031377578;441094685;590282893;590282892
0x6e9497fad34b9c554a7926989051b20d681abce2;992276964868195;1001341042;428248801;573092241;573092240
0xa6381e2a61a76e9ad197ba1d626815297779297a;104188742223346;105140467;44965977;60174490;60174489
0x4b47052498d469ac9521606a67d6f02afeb0985a;99227075929586;100133477;42824612;57308865;57308865
0x74449ab85bcb2707feec8fc51ec6b9b355d6ed0c;99224720521267;100131101;42823595;57307506;57307505
0x2c5a43a8bfddbba58a839dba32301c8dfea8841f;1785918548308;1802232;770770;1031462;1031462
0x99cb34e4291e16bc625b14332d45edfb475abb60;99226414456;100132;42824;57308;57308
0x922164bbbd36acf9e854acbbf32facc949fcaeef;1741812;1;0;1;1
0xe9fbe0a03d07e13f9ecddc737e756590bc3db442;6172;0;0;0;0
